Name,Maths,Science,English,Average,Result
A,85,78,90,84.33333333333333,Pass
B,60,55,70,61.666666666666664,Pass
C,95,88,92,91.66666666666667,Pass
D,40,35,50,41.666666666666664,Fail
E,70,65,60,65.0,Pass
